Accessories	AC cables and accessories	
Accessories	AC Connectors, and accessories	AC Accessories AC cable
Accessories	Accessories	PV cables and accessories DC cable with accessories
Accessories	Accessories 1	PV cables and accessories DC cable with accessories
Accessories	Accessories 2	PV cables and accessories DC cable with accessories
Accessories	Cables, connectors, and accessories	DC Cable PV accessories
Accessories	Cables, connectors, and accessories and combiner box	PV cable and accessories, AC cable and accessories DC cable and accessories
Accessories	Connectors, and accessories	PV accessories DC Accessories DC cable
Accessories	DC & AC Connectors, and accessories	DC Accessories AC Accessories DC Cable
Accessories	DC Accessories	PV cables and accessories DC cable with accessories
Accessories	DC Cable	DC Cable
Accessories	DC Connectors, and accessories	DC Accessories DC cable
Accessories	Onccy accessories	Onccy Accessories
Accessories	Solar accessories	Solar accessories
Accessories	Tray cables	
Other	Offer description	Four Giant On-Grid 33KW inverters IP65 Ingress Protection, Max Efficiency 97.5% MPPT Solar input, High Surge endurance Zero Export, High Power Factor RS485/RS232, WIFI Monitor and…
Other	On-Grid PV system	Giant On-Grid 10KW inverter IP65 Ingress Protection, Max Efficiency 97.5% MPPT Solar input, High Surge endurance Zero Export, High Power Factor RS485/RS232, WIFI Monitor and Contr…
Accessories	BYD EV charger	Accessories and installing EV charger
Installation / Delivery	electrical Installation + Delivery	With one year free maintence with Delivery
Installation / Delivery	electrical Installation And Transportation	With one year free maintence
Installation / Delivery	electrical Installation with Delivery	With one year free maintence with Delivery
Installation / Delivery	electrical Installation with transportation	With one year free maintence
Installation	Installation	Complete system installation and commissioning with structure installation, With one-year free maintenance
Installation / Delivery	Installation and Transportation	Complete system installation
Installation / Delivery	Installation with transportation	With one year free maintence
Installation	أجور عمل تفکیك وترکیب الجدید مع نقل	ضمان صیانة لمدة سنة
Accessories	AC Breakers	
Accessories	AC SPD	
Accessories	Accessories & Transfer	PV cables and accessories. DC cable with accessories ChangeOver & Breakers
Earthing System	Accessories and Earthing system	PV cables and accessories DC cable with accessories
Accessories	ATS	ATS
Earthing System	DC Accessories and Earthing system	PV cables and accessories DC cable with accessories
Accessories	DC Cables and Safety	PV accessories DC Accessories DC cable AC Circuit breakers SPD
Earthing System	Earhing System	Earthing Cable Earthing Rod Coal
Earthing System	Earthing	Earthing System
Earthing System	Erathing system	
Earthing System	Erathing system And Accessories	
